cityID,brgyID,brgyName
0,1,Baclayon
0,2,Banao
0,3,Bariw
0,4,Basud
0,5,Bayandong
0,6,Bonga (Upper)
0,7,Buang
0,8,Cabasan
0,9,Cagbulacao
0,10,Cagraray
0,11,Cajogutan
0,12,Cawayan
0,13,Damacan
0,14,Gubat Ilawod
0,15,Gubat Iraya
0,16,Hindi
0,17,Igang
0,18,Langaton
0,19,Manaet
0,20,Mapulang Daga
0,21,Mataas
0,22,Misibis
0,23,Nahapunan
0,24,Namanday
0,25,Namantao
0,26,Napao
0,27,Panarayon
0,28,Pigcobohan
0,29,Pili Ilawod
0,30,Pili Iraya
0,31,Barangay 1 (Pob.)
0,32,Barangay 10 (Pob.)
0,33,Barangay 11 (Pob.)
0,34,Barangay 12 (Pob.)
0,35,Barangay 13 (Pob.)
0,36,Barangay 14 (Pob.)
0,37,Barangay 2 (Pob.)
0,38,Barangay 3 (Pob.)
0,39,Barangay 4 (Pob.)
0,40,Barangay 5 (Pob.)
0,41,Barangay 6 (Pob.)
0,42,Barangay 7 (Pob.)
0,43,Barangay 8 (Pob.)
0,44,Barangay 9 (Pob.)
0,45,Pongco (Lower Bonga)
0,46,Busdac (San Jose)
0,47,San Pablo
0,48,San Pedro
0,49,Sogod
0,50,Sula
0,51,Tambilagao (Tambognon)
0,52,Tambongon (Tambilagao)
0,53,Tanagan
0,54,Uson
0,55,Vinisitahan-Basud (Mainland)
0,56,Vinisitahan-Napao (lsland)
1,57,Alcala
1,58,Alobo
1,59,Anislag
1,60,Bagumbayan
1,61,Balinad
1,62,Banadero
1,63,Banag
1,64,Bascaran
1,65,Bigao
1,66,Binitayan
1,67,Bongalon
1,68,Budiao
1,69,Burgos
1,70,Busay
1,71,Cullat
1,72,Canaron
1,73,Dela Paz
1,74,Dinoronan
1,75,Gabawan
1,76,Gapo
1,77,Ibaugan
1,78,Ilawod Area Pob. (Dist. 2)
1,79,Inarado
1,80,Kidaco
1,81,Kilicao
1,82,Kimantong
1,83,Kinawitan
1,84,Kiwalo
1,85,Lacag
1,86,Mabini
1,87,Malabog
1,88,Malobago
1,89,Maopi
1,90,Market Area Pob. (Dist. 1)
1,91,Maroroy
1,92,Matnog
1,93,Mayon
1,94,Mi-isi
1,95,Nabasan
1,96,Namantao
1,97,Pandan
1,98,Pen±afrancia
1,99,Sagpon
1,100,Salvacion
1,101,San Rafael
1,102,San Ramon
1,103,San Roque
1,104,San Vicente Grande
1,105,San Vicente PequeÃ±o
1,106,Sipi
1,107,Tabon-tabon
1,108,Tagas
1,109,Talahib
1,110,Villahermosa
2,111,Agpay
2,112,Balite
2,113,Banao
2,114,Batbat
2,115,Binogsacan Lower
2,116,Bololo
2,117,Bubulusan
2,118,Marcial O. RaÃ±ola (Cabaloaon)
2,119,Calzada
2,120,Catomag
2,121,DoÃ±a Mercedes
2,122,DoÃ±a Tomasa (Magatol)
2,123,Ilawod
2,124,Inamnan PequeÃ±o
2,125,Inamnan Grande
2,126,Inascan
2,127,Iraya
2,128,Lomacao
2,129,Maguiron
2,130,Maipon
2,131,Malabnig
2,132,Malipo
2,133,Malobago
2,134,Maninila
2,135,Mapaco
2,136,Masarawag
2,137,Mauraro
2,138,Minto
2,139,Morera
2,140,Muladbucad PequeÃ±o
2,141,Muladbucad Grande
2,142,Ongo
2,143,Palanas
2,144,Poblacion
2,145,Pood
2,146,Quitago
2,147,Quibongbongan
2,148,San Francisco
2,149,San Jose (Ogsong)
2,150,San Rafael
2,151,Sinungtan
2,152,Tandarora
2,153,Travesia
2,154,Binogsacan Upper
3,155,Bgy. 47 - Arimbay
3,156,Bgy. 64 - Bagacay (Bgy. 41 Bagacay)
3,157,Bgy. 48 - Bagong Abre (Bgy. 42)
3,158,Bgy. 66 - Banquerohan (Bgy. 43)
3,159,Bgy. 1 - Em's Barrio (Pob.)
3,160,Bgy. 11 - Maoyod Pob. (Bgy. 10 & 11)
3,161,Bgy. 12 - Tula-tula (Pob.)
3,162,Bgy. 13 - Ilawod West Pob. (Ilawod 1)
3,163,Bgy. 14 - Ilawod Pob. (Ilawod 2)
3,164,Bgy. 15 - Ilawod East Pob. (Ilawod 3)
3,165,Bgy. 16 - Kawit-East Washington Drive (Pob.)
3,166,"Bgy. 17 - Rizal Sreet., Ilawod (Pob.)"
3,167,Bgy. 19 - CabagÃ±an
3,168,Bgy. 2 - Em's Barrio South (Pob.)
3,169,Bgy. 18 - Cabagnan West (Pob.)
3,170,Bgy. 21 - Binanuahan West (Pob.)
3,171,Bgy. 22 - Binanuahan East (Pob.)
3,172,Bgy. 23 - Imperial Court Subd. (Pob.)
3,173,Bgy. 20 - Cabagnan East (Pob.)
3,174,Bgy. 25 - Lapu-lapu (Pob.)
3,175,Bgy. 26 - Dinagaan (Pob.)
3,176,Bgy. 27 - Victory Village South (Pob.)
3,177,Bgy. 28 - Victory Village North (Pob.)
3,178,Bgy. 29 - Sabang (Pob.)
3,179,Bgy. 3 - Em's Barrio East (Pob.)
3,180,Bgy. 36 - Kapantawan (Pob.)
3,181,Bgy. 30 - Pigcale (Pob.)
3,182,Bgy. 31 - Centro-Baybay (Pob.)
3,183,Bgy. 33 - PNR-PeÃ±aranda St.-Iraya (Pob.)
3,184,Bgy. 34 - Oro Site-Magallanes St. (Pob.)
3,185,Bgy. 35 - Tinago (Pob.)
3,186,Bgy. 37 - Bitano (Pob.)
3,187,Bgy. 39 - Bonot (Pob.)
3,188,Bgy. 4 - Sagpon Pob. (Sagpon 1)
3,189,Bgy. 5 - Sagmin Pob. (Sagpon 2)
3,190,Bgy. 6 - BaÃ±adero Pob. (Sagpon 3)
3,191,Bgy. 7 - BaÃ±o (Pob.)
3,192,Bgy. 8 - Bagumbayan (Pob.)
3,193,Bgy. 9 - Pinaric (Pob.)
3,194,Bgy. 67 - Bariis (Bgy. 46)
3,195,Bgy. 49 - Bigaa (Bgy. 44)
3,196,Bgy. 41 - Bogtong (Bgy. 45)
3,197,Bgy. 53 - Bonga (Bgy. 48)
3,198,Bgy. 69 - Buenavista (Bgy.47)
3,199,Bgy. 51 - Buyuan (Bgy. 49)
3,200,Bgy. 70 - Cagbacong (Bgy. 50)
3,201,Bgy. 40 - Cruzada (Bgy. 52)
3,202,Bgy. 57 - Dap-dap (Bgy. 69)
3,203,Bgy. 45 - Dita (Bgy. 51)
3,204,Bgy. 55 - Estanza (Bgy. 53)
3,205,Bgy. 38 - Gogon (Bgy. 54)
3,206,Bgy. 62 - Homapon (Bgy. 55)
3,207,Bgy. 65 - Imalnod (Bgy. 57)
3,208,Bgy. 54 - Mabinit (Bgy. 59)
3,209,Bgy. 63 - Mariawa (Bgy. 56)
3,210,Bgy. 61 - Maslog (Bgy. 58)
3,211,Bgy. 50 - Padang (Bgy. 60)
3,212,Bgy. 44 - Pawa (Bgy. 61)
3,213,Bgy. 59 - Puro (Bgy. 63)
3,214,Bgy. 42 - Rawis (Bgy. 65)
3,215,Bgy. 68 - San Francisco (Bgy. 62)
3,216,Bgy. 46 - San Joaquin (Bgy. 64)
3,217,Bgy. 32 - San Roque (Bgy. 66)
3,218,Bgy. 43 - Tamaoyan (Bgy. 67)
3,219,Bgy. 56 - Taysan (Bgy. 68)
3,220,Bgy. 52 - Matanag
3,221,Bgy. 10 - Cabugao
3,222,Bgy. 24 - Rizal Street
3,223,Bgy. 58 - Buragwis
3,224,Bgy. 60 - Lamba
4,225,Abella
4,226,Allang
4,227,Amtic
4,228,Bacong
4,229,Bagumbayan
4,230,Balanac
4,231,Baligang
4,232,Barayong
4,233,Basag
4,234,Batang
4,235,Bay
4,236,Binanowan
4,237,Binatagan (Pob.)
4,238,Bobonsuran
4,239,Bonga
4,240,Busac
4,241,Busay
4,242,Cabarian
4,243,Calzada (Pob.)
4,244,Catburawan
4,245,Cavasi
4,246,Culliat
4,247,Dunao
4,248,Francia
4,249,Guilid
4,250,Herrera
4,251,Layon
4,252,Macalidong
4,253,Mahaba
4,254,Malama
4,255,Maonon
4,256,Nasisi
4,257,Nabonton
4,258,Oma-oma
4,259,Palapas
4,260,Pandan
4,261,Paulba
4,262,Paulog
4,263,Pinamaniquian
4,264,Pinit
4,265,Ranao-ranao
4,266,San Vicente
4,267,Santa Cruz (Pob.)
4,268,Tagpo
4,269,Tambo
4,270,Tandarora
4,271,Tastas
4,272,Tinago
4,273,Tinampo
4,274,Tiongson
4,275,Tomolin
4,276,Tuburan
4,277,Tula-tula Grande
4,278,Tula-tula PequeÃ±o
4,279,Tupas
5,280,Binitayan
5,281,Calbayog
5,282,Canaway
5,283,Barangay I (Pob.)
5,284,Barangay II (Pob.)
5,285,Barangay III (Pob.)
5,286,Barangay IV (Pob.)
5,287,Barangay V (Pob.)
5,288,Salvacion
5,289,San Antonio Santicon (Pob.)
5,290,San Antonio Sulong
5,291,San Francisco
5,292,San Isidro Ilawod
5,293,San Isidro Iraya
5,294,San Jose
5,295,San Roque
5,296,Santa Cruz
5,297,Santa Teresa
6,298,Awang
6,299,Bagatangki
6,300,Balading
6,301,Balza
6,302,Bariw
6,303,Baybay
6,304,Bulang
6,305,Burabod
6,306,Cabunturan
6,307,Comun
6,308,Diaro
6,309,Estancia
6,310,Jonop
6,311,Labnig
6,312,Libod
6,313,Malolos
6,314,Matalipni
6,315,Ogob
6,316,Pawa
6,317,Payahan
6,318,Poblacion
6,319,Bagumbayan
6,320,Quinarabasahan
6,321,Santa Elena
6,322,Soa
6,323,Sugcad
6,324,Tagoytoy
6,325,Tanawan
6,326,Tuliw
7,327,Balabagon
7,328,Balasbas
7,329,Bamban
7,330,Buyo
7,331,Cabacongan
7,332,Cabit
7,333,Cawayan
7,334,Cawit
7,335,Holugan
7,336,It-Ba (Pob.)
7,337,Malobago
7,338,Manumbalay
7,339,Nagotgot
7,340,Pawa
7,341,Tinapian
8,342,Badbad
8,343,Badian
8,344,Bagsa
8,345,Bagumbayan
8,346,Balogo
8,347,Banao
8,348,Bangiawon
8,349,Bongoran
8,350,Bogtong
8,351,Busac
8,352,Cadawag
8,353,Cagmanaba
8,354,Calaguimit
8,355,Calpi
8,356,Calzada
8,357,Camagong
8,358,Casinagan
8,359,Centro Poblacion
8,360,Coliat
8,361,Del Rosario
8,362,Gumabao
8,363,Ilaor Norte
8,364,Ilaor Sur
8,365,Iraya Norte
8,366,Iraya Sur
8,367,Manga
8,368,Maporong
8,369,Maramba
8,370,Moroponros
8,371,Matambo
8,372,Mayag
8,373,Mayao
8,374,Nagas
8,375,San Pascual (Nale)
8,376,Obaliw-Rinas
8,377,Pistola
8,378,Ramay
8,379,Rizal
8,380,Saban
8,381,San Agustin
8,382,San Antonio
8,383,San Isidro
8,384,San Jose
8,385,San Juan
8,386,San Miguel
8,387,San Ramon
8,388,San Vicente (Suca)
8,389,Talisay
8,390,Talongog
8,391,Tapel
8,392,Tobgon
8,393,Tobog
8,394,Tablon
9,395,Agos
9,396,Alnay
9,397,Alomon
9,398,Amoguis
9,399,Anopol
9,400,Apad
9,401,Balaba
9,402,Balangibang
9,403,Balinad
9,404,Basud
9,405,Binagbangan (Pintor)
9,406,Buyo
9,407,Centro Occidental (Pob.)
9,408,Centro Oriental (Pob.)
9,409,Cepres
9,410,Cotmon
9,411,Cotnogan
9,412,Danao
9,413,Gabon
9,414,Gamot
9,415,Itaran
9,416,Kinale
9,417,Kinuartilan
9,418,La Medalla
9,419,La Purisima
9,420,Lanigay
9,421,Lidong
9,422,Lourdes
9,423,Magpanambo
9,424,Magurang
9,425,Matacon
9,426,Maynaga
9,427,Maysua
9,428,Mendez
9,429,Napo
9,430,Pinagdapugan
9,431,Ponso
9,432,Salvacion
9,433,San Roque
9,434,Santicon
9,435,Santa Cruz
9,436,Santa Teresita
9,437,Sugcad
9,438,Ubaliw
10,439,Alimsog
10,440,Buhatan
10,441,Calayucay
10,442,Fidel Surtida
10,443,Lidong
10,444,Bagong San Roque
10,445,San Juan Pob. (Bgy. 2)
10,446,Santo Domingo Pob. (Bgy. 4)
10,447,San Pedro Pob. (Bgy. 5)
10,448,San Vicente Pob. (Bgy. 6.)
10,449,San Rafael Pob. (Bgy. 7)
10,450,Del Rosario Pob. (Bgy. 3)
10,451,San Francisco Pob. (Bgy. 1)
10,452,Nagsiya Pob. (Bgy. 8)
10,453,Salvacion
10,454,San Andres
10,455,San Fernando
10,456,San Isidro
10,457,San Roque
10,458,Santa Misericordia
10,459,Santo Nino
10,460,Market Site Pob. (Bgy. 9)
10,461,Pandayan Pob. (Bgy. 10)
11,462,Agnas (San Miguel Island)
11,463,Bacolod
11,464,Bangkilingan
11,465,Bantayan
11,466,Baranghawon
11,467,Basagan
11,468,Basud (Pob.)
11,469,Bognabong
11,470,Bombon (Pob.)
11,471,Bonot
11,472,San Isidro (Boring)
11,473,Buang
11,474,Buhian
11,475,Cabagnatan
11,476,Cobo
11,477,Comon
11,478,Cormidal
11,479,Divino Rostro (Pob.)
11,480,Fatima
11,481,Guinobat
11,482,Hacienda (San Miguel Island)
11,483,Magapo
11,484,Mariroc
11,485,Matagbac
11,486,Oras
11,487,Oson
11,488,Panal
11,489,Pawa
11,490,Pinagbobong
11,491,Quinale Cabasan (Pob.)
11,492,Quinastillojan
11,493,Rawis (San Miguel Island)
11,494,Sagurong (San Miguel Island)
11,495,Salvacion
11,496,San Antonio
11,497,San Carlos
11,498,San Juan (Pob.)
11,499,San Lorenzo
11,500,San Ramon
11,501,San Roque
11,502,San Vicente
11,503,Santo Cristo (Pob.)
11,504,Sua-Igot
11,505,Tabiguian
11,506,Tagas
11,507,Tayhi (Pob.)
11,508,Visita (San Miguel Island)
12,509,Bagumbayan
12,510,Bariis
12,511,Baybay
12,512,Belen (Malabog)
12,513,Biyong
12,514,Bolo
12,515,Cale
12,516,Cararayan
12,517,Coro-coro
12,518,Dap-dap
12,519,Gajo
12,520,Joroan
12,521,Libjo
12,522,Libtong
12,523,Matalibong
12,524,Maynonong
12,525,Mayong
12,526,Misibis
12,527,Naga
12,528,Nagas
12,529,Oyama
12,530,Putsan
12,531,San Bernardo
12,532,Sogod
12,533,Tigbi (Pob.)
13,534,Angas
13,535,Bactas
13,536,Binatagan
13,537,Caayunan
13,538,Guinatungan
13,539,Hinampacan
13,540,Langa
13,541,Laniton
13,542,Lidong
13,543,Mampili
13,544,Mandazo
13,545,Mangcamagong
13,546,Manmuntay
13,547,Mantugawe
13,548,Matnog
13,549,Mocong
13,550,Oliva
13,551,Pagsangahan
13,552,Pinagwarasan
13,553,Plaridel
13,554,Poblacion 1
13,555,San Felipe
13,556,San Jose
13,557,San Pascual
13,558,Taba-taba
14,559,Tacad
14,560,Taisan
14,561,Tuaca
14,562,Poblacion 2
14,563,Alayao
14,564,Binawangan
14,565,Calabaca
14,566,Camagsaan
14,567,Catabaguangan
14,568,Catioan
14,569,Del Pilar
14,570,Itok
14,571,Lucbanan
14,572,Mabini
14,573,Mactang
14,574,Mataque
14,575,Old Camp
14,576,Poblacion
14,577,Magsaysay
14,578,San Antonio
14,579,San Isidro
14,580,San Roque
14,581,Tanawan
14,582,Ubang
14,583,Villa Aurora
14,584,Villa Belen
15,585,Alawihao
15,586,Awitan
15,587,Bagasbas
15,588,Bibirao
15,589,Borabod
15,590,Calasgasan
15,591,Camambugan
15,592,Cobangbang (Carumpit)
15,593,Dogongan
15,594,Gahonon
15,595,Gubat
15,596,Lag-On
15,597,Magang
15,598,Mambalite
15,599,Mancruz (Mangcruz)
15,600,Pamorangon
15,601,Barangay I (Pob.)
15,602,Barangay II (Pob.)
15,603,Barangay III (Pob.)
15,604,Barangay IV (Pob.)
15,605,Barangay V (Pob.)
15,606,Barangay VI (Pob.)
15,607,Barangay VII (Pob.)
15,608,Barangay VIII (Pob.)
15,609,San Isidro
16,610,Daculang Bolo
16,611,Dagotdotan
16,612,Langga
16,613,Laniton
16,614,Maisog
16,615,Mampurog
16,616,Manlimonsito
16,617,Matacong (Pob.)
16,618,Salvacion
16,619,San Antonio
16,620,San Isidro
16,621,San Ramon
17,622,Bagong Bayan
17,623,Calero
17,624,Dahican
17,625,Dayhagan
17,626,Larap
17,627,Luklukan Norte
17,628,Luklukan Sur
17,629,Motherlode
17,630,Nakalaya
17,631,Osmena
17,632,Pag-Asa
17,633,Parang
17,634,Plaridel
17,635,North Poblacion
17,636,South Poblacion
17,637,Salvacion
17,638,San Isidro
17,639,San Jose
17,640,San Martin
17,641,San Pedro
17,642,San Rafael
17,643,Santa Cruz
17,644,Santa Elena
17,645,Santa Milagrosa
17,646,Santa Rosa Norte
17,647,Santa Rosa Sur
17,648,Tamisan
18,649,Anameam
18,650,Awitan
18,651,Baay
18,652,Bagacay
18,653,Bagong Silang I
18,654,Bagong Silang II
18,655,Bakiad
18,656,Bautista
18,657,Bayabas
18,658,Bayan-bayan
18,659,Benit
18,660,Anahaw (Pob.)
18,661,Gumamela (Pob.)
18,662,San Francisco (Pob.)
18,663,Kalamunding (Pob.)
18,664,Bulhao
18,665,Cabatuhan
18,666,Cabusay
18,667,Calabasa
18,668,Canapawan
18,669,Daguit
18,670,Dalas
18,671,Dumagmang
18,672,Exciban
18,673,Fundado
18,674,Guinacutan
18,675,Guisican
18,676,Iberica
18,677,Lugui
18,678,Mabilo I
18,679,Mabilo II
18,680,Macogon
18,681,Mahawan-hawan
18,682,Malangcao-Basud
18,683,Malasugui
18,684,Malatap
18,685,Malaya
18,686,Malibago
18,687,Maot
18,688,Masalong
18,689,Matanlang
18,690,Napaod
18,691,Pag-Asa
18,692,Pangpang
18,693,Pinya (Pob.)
18,694,San Antonio
18,695,Santa Cruz
18,696,Bagong Silang III (Silang)
18,697,Submakin
18,698,Talobatib
18,699,Tigbinan
19,700,Apuao
19,701,Barangay I (Pob.)
19,702,Barangay II (Pob.)
19,703,Barangay III (Pob.)
19,704,Barangay IV (Pob.)
19,705,Barangay V (Pob.)
19,706,Barangay VI (Pob.)
19,707,Barangay VII (Pob.)
19,708,Caringo
19,709,Catandunganon
19,710,Cayucyucan
19,711,Colasi
19,712,Del Rosario (Tagongtong)
19,713,Gaboc
19,714,Hamoraon
19,715,Hinipaan
19,716,Lalawigan
19,717,Lanot
19,718,Mambungalon
19,719,Manguisoc
19,720,Masalongsalong
19,721,Matoogtoog
19,722,Pambuhan
19,723,Quinapaguian
19,724,San Roque
19,725,Tarum
20,726,Awitan
20,727,Bagumbayan
20,728,Bakal
20,729,Batobalani
20,730,Calaburnay
20,731,Capacuan
20,732,Casalugan
20,733,Dagang
20,734,Dalnac
20,735,Dancalan
20,736,Gumaus
20,737,Labnig
20,738,Macolabo Island
20,739,Malacbang
20,740,Malaguit
20,741,Mampungo
20,742,Mangkasay
20,743,Maybato
20,744,Palanas
20,745,Pinagbirayan Malaki
20,746,Pinagbirayan Munti
20,747,Poblacion Norte
20,748,Poblacion Sur
20,749,Tabas
20,750,Talusan
20,751,Tawig
20,752,Tugos
21,753,Asdum
21,754,Cabanbanan
21,755,Calabagas
21,756,Fabrica
21,757,Iraya Sur
21,758,Man-Ogob
21,759,Poblacion District I (Silangan/Bgy. 1)
21,760,Poblacion District II (Kanluran/Bgy. 2)
21,761,San Jose (Iraya Norte)
22,762,Basiad
22,763,Bulala
22,764,Polungguitguit
22,765,Rizal
22,766,Salvacion
22,767,San Lorenzo
22,768,San Pedro
22,769,San Vicente
22,770,Santa Elena (Pob.)
22,771,Villa San Isidro
22,772,Don Tomas
22,773,Guitol
22,774,Kabuluan
22,775,Kagtalaba
22,776,Maulawin
22,777,Patag Ibaba
22,778,Patag Iraya
22,779,Plaridel
22,780,Tabugon
23,781,Binanuaan
23,782,Caawigan
23,783,Cahabaan
23,784,Calintaan
23,785,Del Carmen
23,786,Gabon
23,787,Itomang
23,788,Poblacion
23,789,San Francisco
23,790,San Isidro
23,791,San Jose
23,792,San Nicolas
23,793,Santa Cruz
23,794,Santa Elena
23,795,Santo Nino
24,796,Aguit-It
24,797,Banocboc
24,798,Cagbalogo
24,799,Calangcawan Norte
24,800,Calangcawan Sur
24,801,Guinacutan
24,802,Mangcayo
24,803,Mangcawayan
24,804,Manlucugan
24,805,Matango
24,806,Napilihan
24,807,Pinagtigasan
24,808,Barangay I (Pob.)
24,809,Barangay II (Pob.)
24,810,Barangay III (Pob.)
24,811,Sabang
24,812,Santo Domingo
24,813,Singi
24,814,Sula
25,815,Agdangan Pob. (San Cayetano)
25,816,Antipolo
25,817,Bagumbayan
25,818,Caranday (La Purisima)
25,819,Cristo Rey
25,820,Del Pilar
25,821,Del Rosario (Pob.)
25,822,Iyagan
25,823,La Medalla
25,824,Lourdes
25,825,Nababarera
25,826,Sagrada
25,827,Salvacion
25,828,Buluang (San Antonio)
25,829,San Francisco (Pob.)
25,830,San Isidro
25,831,San Jose (Pob.)
25,832,San Juan
25,833,San Nicolas (Pob.)
25,834,San Rafael (Ikpan)
25,835,Pugay (San Rafael)
25,836,San Ramon (Pob.)
25,837,San Roque (Pob.)
25,838,San Vicente
25,839,Santa Cruz (Pob.)
25,840,Santa Eulalia
25,841,Santa Isabel
25,842,Santa Teresa (Viga)
25,843,Santa Teresita
25,844,Tapol
26,845,Cabanbanan
26,846,Cabungan
26,847,Camangahan (Caorasan)
26,848,Cayogcog
26,849,Coguit
26,850,Duran
26,851,Laganac
26,852,Luluasan
26,853,Montenegro (Maguiron)
26,854,Pararao
26,855,Siramag (Pob.)
26,856,Pulang Daga
26,857,Sagrada Nacacale
26,858,San Francisco
26,859,Santiago Nacacale
26,860,Tapayas
26,861,Tomatarayo
27,862,Agos
27,863,Bacolod
27,864,Buluang
27,865,Caricot
27,866,Cawacagan
27,867,Cotmon
27,868,Cristo Rey
27,869,Del Rosario
27,870,Divina Pastora (Pob.)
27,871,Goyudan
27,872,Lobong
27,873,Lubigan
27,874,Mainit
27,875,Manga (Mangga)
27,876,Masoli
27,877,Neighborhood
27,878,Nino Jesus
27,879,Pagatpatan
27,880,Palo
27,881,Payak
27,882,Sagrada (Sagrada Familia)
27,883,Salvacion
27,884,San Isidro (Pob.)
27,885,San Juan
27,886,San Miguel
27,887,San Rafael (Pob.)
27,888,San Roque
27,889,San Vicente
27,890,Santa Cruz (Pob.)
27,891,Santiago (Pob.)
27,892,Sooc
27,893,Tagpolo
27,894,Tres Reyes (Pob.)
28,895,San Antonio
28,896,San Francisco
28,897,San Isidro (Pob.)
28,898,San Jose (Pob.)
28,899,Pagao (San Juan)
28,900,San Roque (Pob.)
28,901,Siembre
28,902,Santo Domingo
29,903,Antipolo
29,904,Burocbusoc
29,905,Cabatuan
29,906,Cagmaslog
29,907,Amlongan (Del Rosario)
29,908,De La Fe
29,909,Divino Rostro
29,910,Ipil (Fatima)
29,911,Gabas
29,912,Ibayugan
29,913,Igbac
29,914,Iraya (Del Rosario)
29,915,Labawon (Santa Teresita)
29,916,Delos Angeles (Los Angeles)
29,917,Monte Calvario
29,918,Namurabod
29,919,Sagrada Familia
29,920,Salvacion
29,921,San Antonio
29,922,San Buenaventura (Pob.)
29,923,San Francisco (Parada)
29,924,San Isidro
29,925,San Jose Baybayon
29,926,San Jose Salay
29,927,Macaangay
29,928,San Pascual (Pob.)
29,929,San Pedro (Pob.)
29,930,San Rafael
29,931,San Ramon
29,932,San Roque (Pob.)
29,933,San Vicente
29,934,Santa Clara (Pob.)
29,935,Santa Cruz
29,936,Santa Elena (Pob.)
29,937,Santa Isabel
29,938,Santa Justina
29,939,Lourdes (Santa Lourdes)
29,940,Tambo
30,941,Bagoladio
30,942,Bagumbayan
30,943,Balaogan
30,944,Caorasan
30,945,Casugad
30,946,Causip
30,947,Fabrica
30,948,Inoyonan
30,949,Itangon
30,950,Kinalabasahan
30,951,La Purisima
30,952,La Victoria
30,953,Lanipga
30,954,Lubgan
30,955,Ombao Heights
30,956,Ombao Polpog
30,957,Palsong
30,958,Panoypoyan
30,959,Pawili
30,960,Sagrada (Sagrada Familia)
30,961,Salvacion (Pob.)
30,962,San Agustin
30,963,San Francisco
30,964,San Isidro
30,965,San Jose
30,966,San Miguel
30,967,San Ramon
30,968,San Roque (Pob.)
30,969,San Roque Heights
30,970,Santa Elena
30,971,Santo Domingo
30,972,Santo Nino
30,973,Taisan
31,974,Barcelonita
31,975,Biong
31,976,Camagong
31,977,Castillo
31,978,New Poblacion
31,979,Pandan
31,980,San Pedro
31,981,Santa Cruz
31,982,Santa Lutgarda (Pob.)
32,983,Balatasan
32,984,Balombon
32,985,Balongay
32,986,Belen
32,987,Bigaas
32,988,Binanuaanan Grande
32,989,Binanuaanan PequeÃ±o
32,990,Binaliw
32,991,Bonot-Santa Rosa
32,992,Burabod
32,993,Cabanbanan
32,994,Cagsao
32,995,Camuning
32,996,Comaguingking
32,997,Del Carmen (Pob.)
32,998,Dominorog
32,999,Fabrica
32,1000,Harobay
32,1001,La Purisima
32,1002,Lugsad
32,1003,Manguiring
32,1004,Pagatpat (San Jose)
32,1005,Paolbo
32,1006,Pinada
32,1007,Punta Tarawal
32,1008,Quinale
32,1009,Sabang
32,1010,Salvacion-Baybay
32,1011,San Antonio Poblacion
32,1012,San Antonio (Quipayo)
32,1013,San Bernardino
32,1014,San Francisco (Pob.)
32,1015,San Isidro
32,1016,San Lucas
32,1017,San Miguel (Pob.)
32,1018,San Pablo (Pob.)
32,1019,San Roque
32,1020,San Vicente (Pob.)
32,1021,Santa Cruz Ratay
32,1022,Santa Cruz Poblacion
32,1023,Santa Isabel (Pob.)
32,1024,Santa Salud (Pob.)
32,1025,Santo Domingo
32,1026,Santo NiÃ±o (Quipayo)
32,1027,Siba-o
32,1028,Sibobo
32,1029,Sogod
32,1030,Tomagodtod
33,1031,Dugcal
33,1032,Marupit
33,1033,San Francisco
33,1034,San Juan-San Ramon (Pob.)
33,1035,San Lucas (Pob.)
33,1036,San Marcos (Pob.)
33,1037,San Mateo (Pob.)
33,1038,San Jose-San Pablo (Pob.)
33,1039,San Roque
33,1040,Santo Domingo (Pob.)
33,1041,Santo Tomas (Pob.)
33,1042,Sua
33,1043,Tarosanan
34,1044,Baras (Pob.)
34,1045,Del Rosario
34,1046,Dinaga (Pob.)
34,1047,Fundado
34,1048,Haring
34,1049,Iquin
34,1050,Linaga
34,1051,Mangayawan
34,1052,Palo
34,1053,Pangpang (Pob.)
34,1054,Poro
34,1055,San Agustin
34,1056,San Francisco
34,1057,San Jose East
34,1058,San Jose West
34,1059,San Juan
34,1060,San Nicolas
34,1061,San Roque
34,1062,San Vicente
34,1063,Santa Cruz (Pob.)
34,1064,Santa Teresita
34,1065,Sua
34,1066,Talidtid
34,1067,Tibgao (Pob.)
35,1068,Agaas
35,1069,Antolon
35,1070,Bacgong
35,1071,Bahay
35,1072,Bikal
35,1073,Binanuahan (Pob.)
35,1074,Cabacongan
35,1075,Cadong
35,1076,Colongcogong
35,1077,Canatuan
35,1078,Caputatan
35,1079,Gogon
35,1080,Daraga
35,1081,Gata
35,1082,Gibgos
35,1083,Guijalo
35,1084,Hanopol
35,1085,Hanoy
35,1086,Haponan
35,1087,Ilawod
35,1088,Ili-Centro (Pob.)
35,1089,Lidong
35,1090,Lubas
35,1091,Malabog
35,1092,Maligaya
35,1093,Mampirao
35,1094,Mandiclum (Mandiclom)
35,1095,Maqueda
35,1096,Minalaba
35,1097,Oring
35,1098,Oroc-Osoc
35,1099,Pagolinan
35,1100,Pandanan
35,1101,Paniman
35,1102,Patag-Belen
35,1103,Pili-Centro
35,1104,Pili-Tabiguian
35,1105,Poloan
35,1106,Salvacion
35,1107,San Roque
35,1108,San Vicente
35,1109,Santa Cruz
35,1110,Solnopan
35,1111,Tabgon
35,1112,Tabiguian
35,1113,Tabog
35,1114,Tawog (Pob.)
35,1115,Toboan
35,1116,Terogo
36,1117,Bagong Silang
36,1118,Bucal
36,1119,Cabasag
36,1120,Comadaycaday
36,1121,Domagondong
36,1122,Kinalangan
36,1123,Comadogcadog
36,1124,Mabini
36,1125,Magais I
36,1126,Magais II
36,1127,Mansalaya
36,1128,Nagkalit
36,1129,Palaspas
36,1130,Pamplona
36,1131,Pasay
36,1132,Pinagdapian
36,1133,Pinugusan
36,1134,Zone I Fatima (Pob.)
36,1135,Zone II San Antonio (Pob.)
36,1136,Poblacion Zone III
36,1137,Sabang
36,1138,Salvacion
36,1139,San Juan
36,1140,San Pablo
36,1141,Santa Rita I
36,1142,Santa Rita II
36,1143,Sinagawsawan
36,1144,Sinuknipan I
36,1145,Sinuknipan II
36,1146,Sugsugin
36,1147,Tabion
36,1148,Tomagoktok
37,1149,Cagbunga
37,1150,Dahilig
37,1151,Loob
37,1152,Malbong
37,1153,Namuat
37,1154,Sampaloc
37,1155,District I (Pob.)
37,1156,District II (Pob.)
38,1157,Ason (Anson)
38,1158,Bahi
38,1159,Binagasbasan
38,1160,Burabod
38,1161,Cagamutan
38,1162,Cagnipa
38,1163,Canlong
38,1164,Dangla
38,1165,Del Pilar
38,1166,Denrica
38,1167,Harrison
38,1168,Mansangat
38,1169,Pambuhan
38,1170,Barangay I (Pob.)
38,1171,Barangay II (Pob.)
38,1172,Barangay III (Pob.)
38,1173,Barangay IV (Pob.)
38,1174,Sagrada
38,1175,Salvacion
38,1176,San Vicente
38,1177,Sumaoy
38,1178,Tamiawon
38,1179,Toytoy
39,1180,Abucayan
39,1181,Bagumbayan Grande (Pob.)
39,1182,Bagumbayan PequeÃ±o (Pob.)
39,1183,Balaynan
39,1184,Belen (Pob.)
39,1185,Buyo
39,1186,Cagaycay
39,1187,Catagbacan
39,1188,Digdigon
39,1189,Gimaga
39,1190,Halawig-Gogon
39,1191,Hiwacloy
39,1192,La Purisima (Pob.)
39,1193,Lamon
39,1194,Matacla
39,1195,Maymatan
39,1196,Maysalay
39,1197,Napawon (Napunuon)
39,1198,Panday (Pob.)
39,1199,Payatan
39,1200,Pinaglabanan
39,1201,Salog
39,1202,San Benito (Pob.)
39,1203,San Isidro West
39,1204,San Isidro (Pob.)
39,1205,San Jose (Pob.)
39,1206,San Juan Bautista (Pob.)
39,1207,San Juan Evangelista (Pob.)
39,1208,San Pedro (Aroro)
39,1209,Scout Fuentebella
39,1210,Tabgon
39,1211,Tagongtong
39,1212,Tamban (Mabini)
39,1213,Taytay (Halgon East)
40,1214,Antipolo
40,1215,Cristo Rey
40,1216,Del Rosario (Banao)
40,1217,Francia
40,1218,La Anunciacion
40,1219,La Medalla
40,1220,La Purisima
40,1221,La Trinidad
40,1222,Nino Jesus
40,1223,Perpetual Help
40,1224,Sagrada
40,1225,Salvacion
40,1226,San Agustin
40,1227,San Andres
40,1228,San Antonio
40,1229,San Francisco (Pob.)
40,1230,San Isidro
40,1231,San Jose
40,1232,San Juan
40,1233,San Miguel
40,1234,San Nicolas
40,1235,San Pedro
40,1236,San Rafael
40,1237,San Ramon
40,1238,San Roque (Pob.)
40,1239,San Vicente Norte
40,1240,San Vicente Sur
40,1241,Santa Cruz Norte
40,1242,Santa Cruz Sur
40,1243,Santa Elena
40,1244,Santa Isabel
40,1245,Santa Maria
40,1246,Santa Teresita
40,1247,Santiago
40,1248,Santo Domingo
40,1249,Santo Nino
41,1250,Agosais
41,1251,Agpo-Camagong-Tabog
41,1252,Amoguis
41,1253,Bocogan
41,1254,Balaton
41,1255,Binanuahan
41,1256,Burabod
41,1257,Cabotonan
41,1258,Dahat
41,1259,Del Carmen
41,1260,Ginorangan (Genorangan)
41,1261,Gimagtocon
41,1262,Gubat
41,1263,Guibahoy
41,1264,Himanag
41,1265,Kinahologan
41,1266,Loho
41,1267,Manamoc
41,1268,Mangogon
41,1269,Mapid
41,1270,Olas
41,1271,Omalo
41,1272,Panagan
41,1273,Panicuan
41,1274,Pinamihagan
41,1275,San Francisco (Pob.)
41,1276,San Isidro
41,1277,San Isidro Sur (Pob.)
41,1278,San Isidro Norte (Pob.)
41,1279,San Rafael
41,1280,San Ramon
41,1281,San Roque
41,1282,San Sebastian
41,1283,San Vicente (Pob.)
41,1284,Santa Cruz (Pob.)
41,1285,Santa Maria (Pob.)
41,1286,Saripongpong (Pob.)
41,1287,Sipaco
42,1288,Aslong
42,1289,Awayan
42,1290,Bagacay
42,1291,Bagadion
42,1292,Bagamelon
42,1293,Bagumbayan
42,1294,Bahao
42,1295,Bahay
42,1296,Beguito Nuevo
42,1297,Beguito Viejo
42,1298,Begajo Norte
42,1299,Begajo Sur
42,1300,Bikal
42,1301,Busak
42,1302,Caima
42,1303,Calabnigan
42,1304,Camambugan
42,1305,Cambalidio
42,1306,Candami
42,1307,Candato
42,1308,Cawayan
42,1309,Concepcion
42,1310,Cuyapi
42,1311,Danawan
42,1312,Duang Niog
42,1313,Handong
42,1314,Ibid
42,1315,Inalahan
42,1316,Labao
42,1317,Libod I
42,1318,Libod II
42,1319,Loba-loba
42,1320,Mabini
42,1321,Malansad Nuevo
42,1322,Malansad Viejo
42,1323,Malbogon
42,1324,Malinao
42,1325,Mambalite
42,1326,Mambayawas
42,1327,Mambulo Nuevo
42,1328,Mambulo Viejo
42,1329,Mancawayan
42,1330,Mandacanan
42,1331,Mantalisay
42,1332,Padlos
42,1333,Pag-Oring Nuevo
42,1334,Pag-Oring Viejo
42,1335,Palangon
42,1336,Palong
42,1337,Patag
42,1338,Planza
42,1339,Poblacion
42,1340,Potot
42,1341,Puro-Batia
42,1342,Rongos
42,1343,Salvacion
42,1344,San Isidro
42,1345,San Juan
42,1346,San Pablo
42,1347,San Vicente
42,1348,Sibujo
42,1349,Sigamot
42,1350,Station-Church Site
42,1351,Taban-Fundado
42,1352,Tampuhan
42,1353,Tanag
42,1354,Tarum
42,1355,Tinalmud Nuevo
42,1356,Tinalmud Viejo
42,1357,Tinangkihan
42,1358,Udoc
42,1359,Umalo
42,1360,Uson
42,1361,Villasocorro
42,1362,Villadima (Santa Cruz)
43,1363,Alleomar
43,1364,Bagangan Sr.
43,1365,Bagong Sikat
43,1366,Bel-Cruz
43,1367,Bangon
43,1368,Barrera Jr.
43,1369,Barrera Sr.
43,1370,Belwang
43,1371,Buenasuerte
43,1372,Bulawan Jr.
43,1373,Bulawan Sr.
43,1374,Cabutagan
43,1375,Kaibigan
43,1376,Casay
43,1377,Colacling (Del Rosario)
43,1378,Cristo Rey
43,1379,Del Carmen
43,1380,Haguimit
43,1381,Haluban (Pigbasagan)
43,1382,La Purisima
43,1383,Lourdes
43,1384,Mangcawayan
43,1385,Napolidan
43,1386,Poblacion
43,1387,Polantuna
43,1388,Sagrada
43,1389,Salvacion
43,1390,San Isidro
43,1391,San Jose
43,1392,San Pedro
43,1393,San Rafael Norte
43,1394,San Rafael Sur
43,1395,San Ramon
43,1396,San Vicente
43,1397,Sooc
43,1398,Tanawan
43,1399,Tible
43,1400,Tapi (Lupi Nuevo)
44,1401,Barobaybay
44,1402,Bell (Pob.)
44,1403,Carangcang
44,1404,Carigsa
44,1405,Casuray
44,1406,Monserrat (Pob.)
44,1407,Ponong
44,1408,San Francisco (Pob.)
44,1409,San Isidro (Pob.)
44,1410,San Juan (Pob.)
44,1411,San Miguel
44,1412,San Pantaleon (Pob.)
44,1413,Santa Lucia (Pob.)
44,1414,Santa Rosa
44,1415,Santo Tomas (Pob.)
45,1416,Alimbuyog
45,1417,Amparado (Pob.)
45,1418,Balagbag
45,1419,Borongborongan
45,1420,Cabugao
45,1421,Capucnasan
45,1422,Dalipay
45,1423,Del Rosario (Pob.)
45,1424,Flordeliz
45,1425,Lipot
45,1426,Mayaopayawan
45,1427,Maycatmon
45,1428,Maydaso
45,1429,San Antonio
45,1430,San Jose (Pob.)
45,1431,San Miguel (Pob.)
45,1432,San Roque (Pob.)
45,1433,San Vicente (Pob.)
45,1434,Santo Domingo (Pob.)
45,1435,Tarusanan
46,1436,Antipolo
46,1437,Bagolatao
46,1438,Bagongbong
46,1439,Baliuag Nuevo
46,1440,Baliuag Viejo
46,1441,Catanusan
46,1442,Del Carmen-Del Rosario (Pob.)
46,1443,Del Socorro
46,1444,Hamoraon
46,1445,Hobo
46,1446,Irayang Solong
46,1447,Magadap
46,1448,Malitbog
46,1449,Manapao
46,1450,Mataoroc
46,1451,Sagrada (Sagrada Familia)
46,1452,Salingogon
46,1453,San Antonio
46,1454,San Felipe-Santiago (Pob.)
46,1455,San Francisco (Pob.)
46,1456,San Jose
46,1457,San Juan-San Lorenzo (Pob.)
46,1458,Taban
46,1459,Tariric
46,1460,Timbang
47,1461,Angustia (Angustia Inapatan)
47,1462,Antipolo Old
47,1463,Antipolo Young
47,1464,Aro-aldao
47,1465,Bustrac
47,1466,Inapatan (Del Rosario Inapatan)
47,1467,Dolorosa (Dolorosa Inapatan)
47,1468,Duran (Jesus Duran)
47,1469,La Purisima (La Purisima Agupit)
47,1470,Lourdes Old
47,1471,Lourdes Young
47,1472,La Opinion
47,1473,Paloyon Proper (Sagrada Paloyon)
47,1474,Salvacion Que Gatos
47,1475,San Antonio (Pob.)
47,1476,San Antonio Ogbon
47,1477,San Esteban (Pob.)
47,1478,San Francisco (Pob.)
47,1479,San Isidro (Pob.)
47,1480,San Isidro Inapatan
47,1481,Malawag (San Jose Malawag)
47,1482,San Jose (San Jose Pangaraon)
47,1483,San Juan (Pob.)
47,1484,San Luis (Pob.)
47,1485,San Miguel (Pob.)
47,1486,San Nicolas (Pob.)
47,1487,San Roque (Pob.)
47,1488,San Roque Madawon
47,1489,San Roque Sagumay
47,1490,San Vicente Gorong-Gorong
47,1491,San Vicente Ogbon
47,1492,Santa Barbara (Maliban)
47,1493,Santa Cruz
47,1494,Santa Elena Baras
47,1495,Santa Lucia Baras
47,1496,Santiago Old
47,1497,Santiago Young
47,1498,Santo Domingo
47,1499,Tandaay
47,1500,Topas Proper
47,1501,Topas Sogod
47,1502,Paloyon Oriental
48,1503,Abella
48,1504,Bagumbayan Norte
48,1505,Bagumbayan Sur
48,1506,Balatas
48,1507,Calauag
48,1508,Cararayan
48,1509,Carolina
48,1510,Concepcion Grande
48,1511,Concepcion PequeÃ±a
48,1512,Dayangdang
48,1513,Del Rosario
48,1514,Dinaga
48,1515,Igualdad Interior
48,1516,Lerma
48,1517,Liboton
48,1518,Mabolo
48,1519,Pacol
48,1520,Panicuason
48,1521,PeÃ±afrancia
48,1522,Sabang
48,1523,San Felipe
48,1524,San Francisco (Pob.)
48,1525,San Isidro
48,1526,Santa Cruz
48,1527,Tabuco
48,1528,Tinago
48,1529,Triangulo
49,1530,Ayugan
49,1531,Cabariwan
49,1532,Cagmanaba
49,1533,Del Rosario
49,1534,Gatbo
49,1535,Guinaban
49,1536,Hanawan
49,1537,Hibago
49,1538,La Purisima Nuevo
49,1539,May-Ogob
49,1540,New Moriones
49,1541,Old Moriones
49,1542,Pinit
49,1543,Poblacion Central
49,1544,Poblacion East
49,1545,Poblacion West
49,1546,Salvacion
49,1547,San Antonio
49,1548,San Francisco
49,1549,San Jose Oras
49,1550,San Roque Commonal
49,1551,San Vicente
49,1552,Santa Cruz
49,1553,Santo Nino
49,1554,Villaflorida
50,1555,Batang
50,1556,Burabod
50,1557,Cagbibi
50,1558,Cagbunga
50,1559,Calawat
50,1560,Del Rosario
50,1561,Patong
50,1562,Poblacion
50,1563,Salvacion
50,1564,San Gabriel
50,1565,San Isidro
50,1566,San Rafael
50,1567,San Ramon
50,1568,San Vicente
50,1569,Veneracion (Taguilid)
50,1570,Tambo
50,1571,Tampadong
51,1572,Antipolo
51,1573,Bagong Silang
51,1574,Bahay
51,1575,Balogo
51,1576,Caranan
51,1577,Cuco
51,1578,Dalupaon
51,1579,Macad (Hebrio Lourdes)
51,1580,Hubo
51,1581,Itulan
51,1582,Odicon
51,1583,Quitang
51,1584,Salvacion
51,1585,San Antonio
51,1586,San Cirilo (Pob.)
51,1587,Santa Rosa Del Norte (Pob.)
51,1588,Santa Rosa Del Sur (Pob.)
51,1589,Tilnac
51,1590,Tinalmud
52,1591,Anayan
52,1592,Bagong Sirang
52,1593,Binanwaanan
52,1594,Binobong
52,1595,Cadlan
52,1596,Caroyroyan
52,1597,Curry
52,1598,Del Rosario
52,1599,Himaao
52,1600,La Purisima
52,1601,New San Roque
52,1602,Old San Roque (Pob.)
52,1603,Palestina
52,1604,Pawili
52,1605,Sagurong
52,1606,Sagrada
52,1607,San Agustin
52,1608,San Antonio (Pob.)
52,1609,San Isidro (Pob.)
52,1610,San Jose
52,1611,San Juan (Pob.)
52,1612,San Vicente (Pob.)
52,1613,Santiago (Pob.)
52,1614,Santo NiÃ±o
52,1615,Tagbong
52,1616,Tinangis
53,1617,Ayugao
53,1618,Bagong Sirang
53,1619,Baliguian
53,1620,Bantugan
53,1621,Bicalen
53,1622,Bitaogan
53,1623,Buenavista
53,1624,Bulalacao
53,1625,Cagnipa
53,1626,Lagha
53,1627,Lidong
53,1628,Liwacsa
53,1629,Maangas
53,1630,Pagsangahan
53,1631,Patrocinio
53,1632,Pili
53,1633,Santa Maria (Pob.)
53,1634,Tanawan
54,1635,Agao-ao
54,1636,Agrupacion
54,1637,Amomokpok
54,1638,Apad
54,1639,Apale
54,1640,Banga Caves
54,1641,Baya
54,1642,Binahan Proper
54,1643,Binahan Upper
54,1644,Buenasuerte
54,1645,Cabadisan
54,1646,Cabinitan
54,1647,Cabugao
54,1648,Caditaan
54,1649,Cale
54,1650,Godofredo Reyes Sr. (Catabangan Crossing)
54,1651,Catabangan Proper
54,1652,Inandawa
54,1653,Laguio
54,1654,Lanipga-Cawayan
54,1655,Liboro
54,1656,Lohong
54,1657,Lower Omon
54,1658,Lower Santa Cruz
54,1659,Panaytayan
54,1660,Panaytayan Nuevo
54,1661,Patalunan
54,1662,Poblacion Ilaod
54,1663,Poblacion Iraya
54,1664,Port Junction Norte
54,1665,Port Junction Sur
54,1666,Salvacion
54,1667,Samay
54,1668,San Rafael
54,1669,F. Simeon (Pugod)
54,1670,Tagbac
54,1671,Upper Omon
54,1672,Upper Santa Cruz
55,1673,Aniog
55,1674,Atulayan
55,1675,Bongalon
55,1676,Buracan
55,1677,Catalotoan
55,1678,Del Carmen (Pob.)
55,1679,Kilantaao
55,1680,Kilomaon
55,1681,Mabca
55,1682,Minadongjol
55,1683,Nato
55,1684,Patitinan
55,1685,San Antonio (Pob.)
55,1686,San Isidro (Pob.)
55,1687,San Roque (Pob.)
55,1688,Santo NiÃ±o
55,1689,Sibaguan
55,1690,Tinorongan
55,1691,Turague
56,1692,Alianza
56,1693,Beberon
56,1694,Bical
56,1695,Bocal
56,1696,Bonifacio (Pob.)
56,1697,Buenavista (Pob.)
56,1698,Calascagas
56,1699,Cotmo
56,1700,Daculang Tubig
56,1701,Del Pilar (Pob.)
56,1702,GÃ±aran
56,1703,Grijalvo
56,1704,Lupi
56,1705,MaragÃ±i
56,1706,Pamukid
56,1707,Pinamasagan
56,1708,Pipian
56,1709,Planza
56,1710,Rizal (Pob.)
56,1711,San Joaquin
56,1712,Santa Cruz
56,1713,Tagpocol
57,1714,Adiangao
57,1715,Bagacay
57,1716,Bahay
57,1717,Boclod
57,1718,Calalahan
57,1719,Calawit
57,1720,Camagong
57,1721,Catalotoan
57,1722,Danlog
57,1723,Del Carmen (Pob.)
57,1724,Dolo
57,1725,Kinalansan
57,1726,Mampirao
57,1727,Manzana
57,1728,Minoro
57,1729,Palale
57,1730,Ponglon
57,1731,Pugay
57,1732,Sabang
57,1733,Salogon
57,1734,San Antonio (Pob.)
57,1735,San Juan (Pob.)
57,1736,San Vicente (Pob.)
57,1737,Santa Cruz (Pob.)
57,1738,Soledad (Pob.)
57,1739,Tagas
57,1740,Tambangan
57,1741,Telegrafo
57,1742,Tominawog
58,1743,Aldezar
58,1744,Alteza
58,1745,Anib
58,1746,Awayan
58,1747,Azucena
58,1748,Bagong Sirang
58,1749,Binahian
58,1750,Bolo Sur
58,1751,Bolo Norte
58,1752,Bulan
58,1753,Bulawan
58,1754,Cabuyao
58,1755,Caima
58,1756,Calagbangan
58,1757,Calampinay
58,1758,Carayrayan
58,1759,Cotmo
58,1760,Gabi
58,1761,Gaongan
58,1762,Impig
58,1763,Lipilip
58,1764,Lubigan Jr.
58,1765,Lubigan Sr.
58,1766,Malaguico
58,1767,Malubago
58,1768,Manangle
58,1769,Mangga
58,1770,Mangapo
58,1771,Manlubang
58,1772,Mantila
58,1773,North Centro (Pob.)
58,1774,North Villazar
58,1775,Sagrada Familia
58,1776,Salanda
58,1777,Salvacion
58,1778,San Isidro
58,1779,San Vicente
58,1780,Serranzana
58,1781,South Centro (Pob.)
58,1782,South Villazar
58,1783,Taisan
58,1784,Tara
58,1785,Tible
58,1786,Tula-tula
58,1787,Vigaan
58,1788,Yabo
59,1789,Bagong Sirang
59,1790,Bahao
59,1791,Boboan
59,1792,Butawanan
59,1793,Cabugao
59,1794,Fundado
59,1795,Homestead
59,1796,La Purisima
59,1797,Mabuhay
59,1798,Malaconini
59,1799,Nalayahan
59,1800,Matandang Siruma
59,1801,Pinitan
59,1802,Poblacion
59,1803,Pamintan-Bantilan
59,1804,Salvacion
59,1805,San Andres
59,1806,San Ramon (Daldagon)
59,1807,Sulpa
59,1808,Tandoc
59,1809,Tongo-Bantigue
59,1810,Vito
60,1811,Abo
60,1812,Cabalinadan
60,1813,Caraycayon
60,1814,Casuna
60,1815,Consocep
60,1816,Coyaoyao
60,1817,Gaao
60,1818,Gingaroy
60,1819,Gubat
60,1820,Huyonhuyon
60,1821,Libod
60,1822,Mabalodbalod
60,1823,May-Anao
60,1824,Panagan
60,1825,Poblacion
60,1826,Salvacion
60,1827,San Antonio
60,1828,San Francisco
60,1829,San Miguel
60,1830,San Rafael
60,1831,Talojongon
60,1832,Tinawagan
60,1833,Vinagre
61,1834,Agay-Ayan
61,1835,Antipolo
61,1836,Bagacay
61,1837,Banga
61,1838,Bolaobalite
61,1839,Bani
61,1840,Bataan
61,1841,Binalay
61,1842,Buenavista
61,1843,Buyo
61,1844,Cagliliog
61,1845,Caloco
61,1846,Camagong
61,1847,Canayonan
61,1848,Cawaynan
61,1849,Daligan
61,1850,Filarca (Pob.)
61,1851,La Purisima (Pob.)
61,1852,Lupi
61,1853,Magsaysay (Camp 4)
61,1854,Magtang
61,1855,Mananao
61,1856,La Medalla (Mile 9)
61,1857,New Caaluan
61,1858,Olag Grande
61,1859,Olag PequeÃ±o
61,1860,Old Caaluan
61,1861,Pag-Asa
61,1862,Pantat
61,1863,Sagrada (Camp 6)
61,1864,Salvacion
61,1865,San Antonio
61,1866,San Isidro (Pob.)
61,1867,San Jose (Tiltilan)
61,1868,San Pascual (Pob.)
61,1869,San Ramon (Camp 7)
61,1870,San Roque
61,1871,San Vicente
61,1872,Santa Cruz (Pob.)
61,1873,Sogod
61,1874,Tambang
61,1875,Tierra Nevada
61,1876,Union
61,1877,Salvacion Poblacion
62,1878,Antipolo
62,1879,Bacak
62,1880,Bagatabao
62,1881,Bugao
62,1882,Cahan
62,1883,Hinipaan
62,1884,Magsaysay
62,1885,Poblacion
62,1886,Quigaray
62,1887,Quezon (Pancayanan)
62,1888,Sagrada
62,1889,Salvacion (Panuto)
62,1890,San Isidro
62,1891,San Rafael (Mahantod)
62,1892,San Vicente
62,1893,Santa Mesa
62,1894,Santa Teresa
62,1895,Suchan
63,1896,Abihao
63,1897,Agban
63,1898,Bagong Sirang
63,1899,Benticayan
63,1900,Buenavista
63,1901,Caragumihan
63,1902,Batolinao
63,1903,Danao
63,1904,Sagrada
63,1905,Ginitligan
63,1906,Guinsaanan
63,1907,J. M. Alberto
63,1908,Macutal
63,1909,Moning
63,1910,Nagbarorong
63,1911,OsmeÃ±a
63,1912,P. Teston
63,1913,Paniquihan
63,1914,Eastern Poblacion
63,1915,Puraran
63,1916,Putsan
63,1917,Quezon
63,1918,Rizal
63,1919,Salvacion
63,1920,San Lorenzo
63,1921,San Miguel
63,1922,Santa Maria
63,1923,Tilod
63,1924,Western Poblacion
64,1925,Aroyao Pequeno
64,1926,Bagumbayan
64,1927,Banawang
64,1928,Batalay
64,1929,Binanwahan
64,1930,Bote
64,1931,Buenavista
64,1932,Cabugao
64,1933,Cagraray
64,1934,Carorian
64,1935,Guinobatan
64,1936,Libjo
64,1937,Marinawa
64,1938,Mintay
64,1939,Oguis
64,1940,Pananaogan
64,1941,Libod Poblacion
64,1942,San Andres
64,1943,San Pedro
64,1944,San Roque
64,1945,Santa Isabel
64,1946,Sibacungan
64,1947,Sipi
64,1948,Talisay
64,1949,Tamburan
64,1950,Tilis
64,1951,Ilawod (Pob.)
65,1952,Baybay (Pob.)
65,1953,Bocon
65,1954,Bothoan (Pob.)
65,1955,Buenavista
65,1956,Bulalacao
65,1957,Camburo
65,1958,Dariao
65,1959,Datag East
65,1960,Datag West
65,1961,Guiamlong
65,1962,Hitoma
65,1963,Icanbato (Pob.)
65,1964,Inalmasinan
65,1965,Iyao
65,1966,Mabini
65,1967,Maui
65,1968,Maysuran
65,1969,Milaviga
65,1970,Panique
65,1971,Sabangan
65,1972,Sabloyon
65,1973,Salvacion
65,1974,Supang
65,1975,Toytoy (Pob.)
65,1976,Tubli
65,1977,Tucao
65,1978,Obi
66,1979,Biong
66,1980,Dororian
66,1981,Poblacion District I
66,1982,Poblacion District II
66,1983,Poblacion District III
66,1984,San Pedro
66,1985,San Vicente
66,1986,Sicmil
66,1987,Sioron
67,1988,Bagawang
67,1989,BalagÃ±onan
67,1990,Baldoc
67,1991,Canlubi
67,1992,Santa Cruz (Catagbacan)
67,1993,Catamban
67,1994,Cobo
67,1995,Hiyop
67,1996,Libod (Pob.)
67,1997,Lourdes
67,1998,Lumabao
67,1999,Marambong
67,2000,Napo (Pob.)
67,2001,Oga
67,2002,Pandan Del Norte (Pob.)
67,2003,Pandan Del Sur (Pob.)
67,2004,Panuto
67,2005,Salvacion (Tariwara)
67,2006,San Andres (Dinungsuran)
67,2007,San Isidro (Langob)
67,2008,Porot (San Jose)
67,2009,San Rafael (Bogtong)
67,2010,San Roque
67,2011,Tabugoc
67,2012,Tokio
67,2013,Wagdas
68,2014,Alinawan
68,2015,Babaguan
68,2016,Bagong Bayan
68,2017,Burabod
68,2018,Cabuyoan
68,2019,Cagdarao
68,2020,Mabini
68,2021,Maculiw
68,2022,Panay
68,2023,Taopon (Pangcayanan)
68,2024,Salvacion (Pob.)
68,2025,San Antonio
68,2026,San Joaquin (Pob.)
68,2027,San Jose (Pob.)
68,2028,San Juan (Pob.)
68,2029,San Miguel
68,2030,San Nicolas (Pob.)
68,2031,San Pedro (Pob.)
68,2032,San Vicente (Pob.)
68,2033,Santa Ana (Pob.)
68,2034,Santa Maria (Pob.)
68,2035,Santo Santiago (Pob.)
68,2036,Tibo
69,2037,Agojo
69,2038,Alibuag
69,2039,Asgad (Juan M. Alberto)
69,2040,Bagong Sirang
69,2041,Barihay
69,2042,Batong Paloway
69,2043,Belmonte (Pob.)
69,2044,Bislig
69,2045,Bon-ot
69,2046,Cabungahan
69,2047,Cabcab
69,2048,Carangag
69,2049,Catagbacan
69,2050,Codon
69,2051,Comagaycay
69,2052,Datag
69,2053,Divino Rostro (Pob.)
69,2054,Esperanza (Pob.)
69,2055,Hilawan
69,2056,Lictin
69,2057,Lubas
69,2058,Manambrag
69,2059,Mayngaway
69,2060,Palawig
69,2061,Puting Baybay
69,2062,Rizal
69,2063,Salvacion (Pob.)
69,2064,San Isidro
69,2065,San Jose
69,2066,San Roque (Pob.)
69,2067,San Vicente
69,2068,Santa Cruz (Pob.)
69,2069,Sapang Palay (Pob.)
69,2070,Tibang
69,2071,Timbaan
69,2072,Tominawog
69,2073,Wagdas (Pob.)
69,2074,Yocti
70,2075,Balatohan
70,2076,Salvacion (Patagan)
70,2077,Boton
70,2078,Buhi
70,2079,Dayawa
70,2080,Atsan (District I)
70,2081,Poblacion District II
70,2082,Poblacion District III
70,2083,J. M. Alberto
70,2084,Katipunan
70,2085,Kilikilihan
70,2086,Mabato
70,2087,Obo
70,2088,Pacogon
70,2089,Pagsangahan
70,2090,Pangilao
70,2091,Paraiso
70,2092,Santa Elena (Patagan)
70,2093,Progreso
70,2094,San Juan (Aroyao)
70,2095,San Marcos
70,2096,Siay
70,2097,Solong
70,2098,Tobrehon
71,2099,Almojuela
71,2100,Ananong
71,2101,Asuncion (Pob.)
71,2102,Batohonan
71,2103,Begonia
71,2104,Botinagan
71,2105,Buenavista
71,2106,Burgos
71,2107,Del Pilar
71,2108,Mabini
71,2109,Magsaysay
71,2110,Ogbong
71,2111,OsmeÃ±a
71,2112,Pedro Vera (Summit)
71,2113,PeÃ±afrancia (Pob.)
71,2114,Quezon
71,2115,Quirino (Abugan)
71,2116,Rizal
71,2117,Roxas
71,2118,Sagrada
71,2119,San Isidro (Pob.)
71,2120,San Jose Poblacion
71,2121,San Jose Oco
71,2122,San Pedro (Pob.)
71,2123,San Roque (Pob.)
71,2124,San Vicente (Pob.)
71,2125,Santa Rosa
71,2126,Soboc
71,2127,Tambongon
71,2128,Tinago
71,2129,Villa Aurora
72,2130,Antipolo Del Norte
72,2131,Antipolo Del Sur
72,2132,Balite
72,2133,Batag
72,2134,Bigaa
72,2135,Buenavista
72,2136,Buyo
72,2137,Cabihian
72,2138,Calabnigan
72,2139,Calampong
72,2140,Calatagan Proper
72,2141,Calatagan Tibang
72,2142,Capilihan
72,2143,Casoocan
72,2144,Cavinitan
72,2145,Gogon Sirangan
72,2146,Concepcion (Pob.)
72,2147,Constantino (Pob.)
72,2148,Danicop
72,2149,Dugui San Vicente
72,2150,Dugui San Isidro
72,2151,Dugui Too
72,2152,F. Tacorda Village
72,2153,Francia (Pob.)
72,2154,Gogon Centro
72,2155,Hawan Grande
72,2156,Hawan Ilaya
72,2157,Hicming
72,2158,Igang
72,2159,Juan M. Alberto (Poniton)
72,2160,Lanao (Pob.)
72,2161,Magnesia Del Norte
72,2162,Magnesia Del Sur
72,2163,Marcelo Alberto (Pob.)
72,2164,Marilima
72,2165,Pajo Baguio
72,2166,Pajo San Isidro
72,2167,Palnab Del Norte
72,2168,Palnab Del Sur
72,2169,Palta Big
72,2170,Palta Salvacion
72,2171,Palta Small
72,2172,Rawis (Pob.)
72,2173,Salvacion
72,2174,San Isidro Village
72,2175,San Jose (Pob.)
72,2176,San Juan (Pob.)
72,2177,San Pablo (Pob.)
72,2178,San Pedro (Pob.)
72,2179,San Roque (Pob.)
72,2180,San Vicente
72,2181,Ibong Sapa (San Vicente Sur)
72,2182,Santa Cruz
72,2183,Santa Elena (Pob.)
72,2184,Santo Cristo
72,2185,Santo Domingo
72,2186,Santo NiÃ±o
72,2187,Simamla
72,2188,Sogod-Simamla
72,2189,Talisoy
72,2190,Sogod-Tibgao
72,2191,Tubaon
72,2192,Valencia
73,2193,Ambolong
73,2194,Amoroy
73,2195,Amutag
73,2196,Bagauma
73,2197,Balawing
73,2198,Balete
73,2199,Bangon
73,2200,Cabangcalan
73,2201,Cabas-An
73,2202,Calanay
73,2203,Capsay
73,2204,Concepcion
73,2205,Dayhagan
73,2206,Don Pablo Dela Rosa
73,2207,Gumahang
73,2208,Jaboyoan
73,2209,Lanang
73,2210,Luy-a
73,2211,Macabug
73,2212,Malubi
73,2213,Managanaga
73,2214,Manamoc
73,2215,Mariposa
73,2216,Mataba
73,2217,Matalangtalang
73,2218,Matangog
73,2219,Nabongsoran
73,2220,Pangle
73,2221,Panique
73,2222,Pinanaan
73,2223,Poblacion
73,2224,Puro
73,2225,San Agustin
73,2226,San Isidro
73,2227,Sawang
73,2228,Syndicate
73,2229,Talabaan
73,2230,Talib
73,2231,Tigbao
73,2232,Tinago
73,2233,Tinigban
74,2234,Baao
74,2235,Banase
74,2236,Batuila
74,2237,Cagara
74,2238,Cagpandan
74,2239,Cancahorao
74,2240,Canjunday
74,2241,Docol
74,2242,Eastern Capsay
74,2243,Gabi
74,2244,Gangao
74,2245,Lagta
74,2246,Lahong Proper
74,2247,Lahong Interior
74,2248,Lipata
74,2249,Madangcalan
74,2250,Magdalena
74,2251,Manoboc
74,2252,Obongon Diot
74,2253,Poblacion
74,2254,Polot
74,2255,Potoson
74,2256,Sog-Ong
74,2257,Tinapian
75,2258,Baybay (Lumocab)
75,2259,Bongcanaway
75,2260,Mabuhay (Bongcanaway III)
75,2261,Calumpang
75,2262,Cantil
75,2263,Casamongan
75,2264,Dao
75,2265,Danao
75,2266,Guinbanwahan
75,2267,Ilaya
75,2268,Jangan
75,2269,Jintotolo
75,2270,Mapili
75,2271,Mapitogo
75,2272,Pajo
75,2273,Palane
75,2274,Panguiranan
75,2275,Panubigan
75,2276,Poblacion (Balud)
75,2277,Pulanduta
75,2278,Quinayangan Diotay
75,2279,Quinayangan Tonga
75,2280,Salvacion
75,2281,Sampad
75,2282,San Andres (Quinayangan Dacu)
75,2283,San Antonio
75,2284,Sapatos
75,2285,Talisay
75,2286,Tonga
75,2287,Ubo
75,2288,Victory (Victoria)
75,2289,Villa Alvarez
76,2290,Burgos
76,2291,Canares
76,2292,Cambanez
76,2293,Costa Rica
76,2294,Danao
76,2295,Gibraltar
76,2296,Mabuhay
76,2297,Matabao
76,2298,Nasandig
76,2299,Panisihan
76,2300,Poblacion
76,2301,Rizal
76,2302,Royroy
76,2303,Sawang
77,2304,Abaca
77,2305,Aguada
77,2306,Badiang
77,2307,Bagumbayan
77,2308,Cadulawan
77,2309,Cagbatang
77,2310,Chimenea
77,2311,Concepcion
77,2312,Curvada
77,2313,Divisoria
77,2314,Domorog
77,2315,Estampar
77,2316,Gahit
77,2317,Libtong
77,2318,Liong
77,2319,Maanahao
77,2320,Madamba
77,2321,Malobago
77,2322,Matayum
77,2323,Matubinao
77,2324,Mintac
77,2325,Nadawisan
77,2326,OsmeÃ±a
77,2327,Pawican
77,2328,Pitogo
77,2329,Poblacion
77,2330,Quezon
77,2331,San Isidro
77,2332,San Jose
77,2333,San Pedro
77,2334,San Rafael
77,2335,Santa Teresita
77,2336,Santo Nino
77,2337,Tagboan
77,2338,Tuybo
77,2339,Villa Pogado
78,2340,Begia
78,2341,Cabayugan
78,2342,Cabungahan
78,2343,Calapayan
78,2344,Calumpang
78,2345,Dalipe
78,2346,Divisoria
78,2347,Guiom
78,2348,Gilotongan
78,2349,Itombato
78,2350,Libertad
78,2351,Looc
78,2352,Mactan
78,2353,Madbad
78,2354,R.M. Magbalon (Bebinan)
78,2355,Mahayahay
78,2356,Maihao
78,2357,Malbug
78,2358,Naro
78,2359,Pananawan
78,2360,Poblacion
78,2361,Pulot
78,2362,Recodo
78,2363,San Jose
78,2364,San Vicente
78,2365,Taberna
78,2366,Talisay
78,2367,Tuburan
78,2368,Villahermosa
78,2369,Chico Island
78,2370,Lague-lague
78,2371,Palobandera
78,2372,PeÃ±a Island
78,2373,Pin-As
78,2374,Iraya
78,2375,Punta Batsan
78,2376,Tubog
79,2377,Albasan
79,2378,Boca Engano
79,2379,Buyo
79,2380,Calpi
79,2381,Canomay
79,2382,Cawayan
79,2383,Poblacion District I (Bgy. 1)
79,2384,Poblacion District II (Bgy. 2)
79,2385,Mababang Baybay
79,2386,Mabiton
79,2387,Manapao
79,2388,Nabasagan
79,2389,Nonoc
79,2390,OsmeÃ±a
79,2391,Pasig
79,2392,PeÃ±afrancia
79,2393,Quezon
79,2394,San Isidro
79,2395,San Ramon
79,2396,San Vicente
79,2397,Taguilid
79,2398,Imelda
80,2399,Balantay
80,2400,Balocawe
80,2401,Banahao
80,2402,Buenaflor
80,2403,Buracan
80,2404,Cabanoyoan
80,2405,Cabrera
80,2406,Cadulan
80,2407,Calabad
80,2408,Canomay
80,2409,Divisoria
80,2410,Gaid
80,2411,Gregorio Alino (Pia-ong)
80,2412,Magcaraguit
80,2413,Mambog
80,2414,Poblacion
80,2415,Rizal
80,2416,San Vicente
80,2417,Suba
80,2418,T.R. Yangco (Yanco)
81,2419,Agoho
81,2420,Almero
81,2421,Baras
81,2422,Domorog
81,2423,Guadalupe
81,2424,Iligan
81,2425,Labangtaytay
81,2426,Labrador
81,2427,Libertad
81,2428,Magsaysay
81,2429,Masbaranon
81,2430,Poblacion
81,2431,Potingbato
81,2432,Rizal
81,2433,San Roque
81,2434,Santiago
81,2435,Sorosimbajan
81,2436,Tawad
81,2437,Tunga
81,2438,Villa
82,2439,Alas
82,2440,Ayat
82,2441,Bat-Ongan
82,2442,Bugtong
82,2443,Buri
82,2444,Cabitan
82,2445,Cagmasoso
82,2446,Canomoy
82,2447,Centro
82,2448,Dayao
82,2449,Guincaiptan
82,2450,Lantangan
82,2451,Looc
82,2452,Mabatobato
82,2453,Maolingon
82,2454,Nailaban
82,2455,Nanipsan
82,2456,Pinamangcaan
82,2457,Poblacion
82,2458,Polo Dacu
82,2459,San Juan
82,2460,San Pablo
82,2461,Santa Fe
82,2462,Tagpu
82,2463,Tumalaytay
82,2464,Laguinbanwa
83,2465,Anas
83,2466,Asid
83,2467,B. Titong
83,2468,Bagumbayan
83,2469,Bantigue
83,2470,Bapor (Pob.)
83,2471,Batuhan
83,2472,Bayombon
83,2473,Biyong
83,2474,Bolo
83,2475,Cagay
83,2476,Cawayan Exterior
83,2477,Cawayan Interior
83,2478,Centro (Pob.)
83,2479,Espinosa
83,2480,F. Magallanes
83,2481,Ibingay
83,2482,Igang
83,2483,Kalipay (Pob.)
83,2484,Kinamaligan
83,2485,Malinta
83,2486,MapiÃ±a
83,2487,Mayngaran
83,2488,Nursery
83,2489,Pating (Pob.)
83,2490,Pawa
83,2491,Sinalongan
83,2492,Tugbo
83,2493,Ubongan Dacu
83,2494,Usab
84,2495,Bacolod
84,2496,Bangad
84,2497,Bara
84,2498,Bonbon
84,2499,Calasuche
84,2500,Calumpang (Taisan)
84,2501,Capaculan
84,2502,Cayabon
84,2503,Guinluthangan
84,2504,Jamorawon
84,2505,Magsalangi
84,2506,Matagbac
84,2507,Matanglad
84,2508,Matiporon
84,2509,Moises R. Espinosa
84,2510,Narangasan
84,2511,Pamangpangon
84,2512,Poblacion East
84,2513,Poblacion West
84,2514,Paraiso (Potot)
84,2515,San Antonio
84,2516,San Carlos
84,2517,Sawmill
84,2518,Tagbon
84,2519,Tawad
84,2520,Tigbao
84,2521,Tinaclipan (Bato)
85,2522,Baang
85,2523,Bagacay
85,2524,Balatucan
85,2525,Barag
85,2526,Dacu
85,2527,Fabrica
85,2528,Guintorelan
85,2529,Holjogon
85,2530,Lalaguna
85,2531,Lomocloc
85,2532,Luyong Catungan
85,2533,Mabuhay
85,2534,Mandali
85,2535,Mapuyo
85,2536,Marintoc
85,2537,Nasunduan
85,2538,Pinamalatican
85,2539,Pinamarbuhan
85,2540,Poblacion Dist. I
85,2541,Poblacion Dist. II
85,2542,Polot
85,2543,Sambulawan
85,2544,Santa Maria
85,2545,Sawmill
85,2546,Tabuc
85,2547,Tugawe
85,2548,Tugbo
85,2549,Umabay Exterior
85,2550,Umabay Interior
86,2551,Cantorna
86,2552,Famosa
86,2553,Macarthur
86,2554,Maglambong
86,2555,Morocborocan
86,2556,Poblacion
86,2557,Guinhadap
86,2558,Real
86,2559,Rizal
86,2560,Santo Nino
86,2561,Togoron
87,2562,Antipolo
87,2563,Banco
87,2564,Biga-a
87,2565,Bontod
87,2566,Buenasuerte
87,2567,Intusan
87,2568,Jose A. Abenir Sr. (Libtong)
87,2569,Maanahao
87,2570,Mabini
87,2571,Malibas
87,2572,Maravilla
87,2573,Matugnao
87,2574,Miabas
87,2575,Nabangig
87,2576,Nipa
87,2577,Parina
87,2578,PiÃ±a
87,2579,Poblacion
87,2580,Salvacion
87,2581,San Antonio
87,2582,San Carlos
87,2583,San Isidro
87,2584,Santa Cruz
87,2585,Malatawan
88,2586,Alegria
88,2587,Buenasuerte
88,2588,Bugang
88,2589,Bugtong
88,2590,Bunducan
88,2591,Cabangrayan
88,2592,Calongongan
88,2593,Casabangan
88,2594,Guindawahan
88,2595,Labigan
88,2596,Lampuyang
88,2597,Mabuhay
88,2598,Palho
88,2599,Poblacion
88,2600,Salvacion
88,2601,Tanque
88,2602,Tubigan
88,2603,Tubog
89,2604,Aguada
89,2605,Ban-Ao
89,2606,Burabod
89,2607,Cabangcalan
89,2608,Calumpang
89,2609,Camayabsan
89,2610,Daanlungsod
89,2611,Dangpanan
89,2612,Daraga
89,2613,Guin-Awayan
89,2614,Guinhan-Ayan
89,2615,Katipunan
89,2616,Libas
89,2617,Locso-An
89,2618,Luna
89,2619,Mahayag
89,2620,Mahayahay
89,2621,Manlut-Od
89,2622,Matagantang
89,2623,Naboctot
89,2624,Nagarao
89,2625,Nainday
89,2626,Naocondiot
89,2627,Pasiagon
89,2628,Pili
89,2629,Poblacion
89,2630,Puro
89,2631,Quibrada
89,2632,San Marcos
89,2633,Santa Cruz
89,2634,Taboc
89,2635,Tan-Awan
89,2636,Taverna
89,2637,Tubod
89,2638,Villa Inocencio
90,2639,Altavista
90,2640,Benitinan
90,2641,Buenasuerte
90,2642,Buenavista
90,2643,Buenos Aires
90,2644,Buyo
90,2645,CaÃ±elas
90,2646,Corbada
90,2647,Daplian
90,2648,Del Rosario
90,2649,Ipil
90,2650,Lahong
90,2651,Lumbia
90,2652,Magkaipit
90,2653,Minio
90,2654,Pinamoghaan
90,2655,Baybaydagat Pob. (District 1)
90,2656,Silangan Pob. (District 2)
90,2657,Magsasaka Pob. (District 3)
90,2658,Bayanihan Pob. (District 4)
90,2659,Progreso
90,2660,Resurreccion
90,2661,Salvacion
90,2662,Sowa
90,2663,Talisay
90,2664,Valparaiso
91,2665,Almino
91,2666,Bagacay
91,2667,Bagahanglad
91,2668,Bartolabac
91,2669,Burgos
91,2670,Calipat-An
91,2671,Danao
91,2672,Dorong-an Daplian
91,2673,Interior
91,2674,Jagna-an
91,2675,Luna
91,2676,Mabini
91,2677,PiÃ±a
91,2678,District I (Pob.)
91,2679,District II (Pob.)
91,2680,District III (Pob.)
91,2681,District IV (Pob.)
91,2682,Roosevelt
91,2683,San Isidro
91,2684,Santa Rosa
91,2685,Washington
92,2686,Boca Chica
92,2687,Bolod (Pob.)
92,2688,Busing
92,2689,Dangcalan
92,2690,Halabangbaybay
92,2691,Iniwaran
92,2692,Ki-Buaya (Rizal)
92,2693,Ki-Romero (Roxas)
92,2694,Laurente
92,2695,Mabini
92,2696,Mabuhay
92,2697,Mapanique
92,2698,Nazareno
92,2699,Pinamasingan
92,2700,Quintina
92,2701,San Jose
92,2702,San Pedro
92,2703,San Rafael
92,2704,Santa Cruz
92,2705,Terraplin (Pob.)
92,2706,Cueva
92,2707,Malaking Ilog
93,2708,Arado
93,2709,Armenia
93,2710,Aurora
93,2711,Badling
93,2712,Bonifacio
93,2713,Buenasuerte
93,2714,Buenavista
93,2715,Campana
93,2716,Candelaria
93,2717,Centro
93,2718,Crossing
93,2719,Dapdap
93,2720,Del Carmen
93,2721,Del Rosario
93,2722,Libertad
93,2723,Madao
93,2724,Mabini
93,2725,Magsaysay
93,2726,Marcella
93,2727,Miaga
93,2728,Mongahay
93,2729,Morocborocan
93,2730,Mabuhay
93,2731,Paguihaman
93,2732,Panicijan
93,2733,Poblacion
93,2734,Quezon
93,2735,San Isidro
93,2736,San Jose
93,2737,San Mateo
93,2738,San Ramon
93,2739,San Vicente
93,2740,Santo Cristo
93,2741,Sawang
93,2742,Simawa
94,2743,Alegria
94,2744,Bagacay
94,2745,Bangate
94,2746,Bugtong
94,2747,Cagang
94,2748,Fabrica
94,2749,Jibong
94,2750,Lago
94,2751,Layog
94,2752,Luneta
94,2753,Macabari
94,2754,Mapapac
94,2755,Olandia
94,2756,Paghaluban
94,2757,Poblacion Central
94,2758,Poblacion Norte
94,2759,Poblacion Sur
94,2760,Putiao
94,2761,San Antonio
94,2762,San Isidro
94,2763,San Ramon
94,2764,San Vicente
94,2765,Santa Cruz
94,2766,Santa Lourdes
94,2767,Tagdon
95,2768,A. Bonifacio
95,2769,Abad Santos
95,2770,Aguinaldo
95,2771,Antipolo
95,2772,Zone I Pob. (Bgy. 1- South Ilawod)
95,2773,Zone II Pob. (Bgy. 2- West Ilawod)
95,2774,Zone III Pob. (Bgy. 3- East Ilawod)
95,2775,Zone IV Pob. (Bgy. 4- West Central)
95,2776,Zone V Pob. (Bgy. 5-Lanipan)
95,2777,Zone VI Pob. (Bgy. 6- Baybay)
95,2778,Bical
95,2779,Beguin
95,2780,Bonga
95,2781,Butag
95,2782,Cadandanan
95,2783,Calomagon
95,2784,Calpi
95,2785,Cocok-Cabitan
95,2786,Daganas
95,2787,Danao
95,2788,Dolos
95,2789,E. Quirino
95,2790,Fabrica
95,2791,Gate
95,2792,Benigno S. Aquino (Imelda)
95,2793,Inararan
95,2794,J. Gerona
95,2795,Jamorawon
95,2796,Libertad
95,2797,Lajong
95,2798,Magsaysay
95,2799,Managanaga
95,2800,Marinab
95,2801,Nasuje
95,2802,Montecalvario
95,2803,N. Roque (Rizal)
95,2804,Namo
95,2805,Obrero
95,2806,OsmeÃ±a
95,2807,Otavi
95,2808,Padre Diaz
95,2809,Palale
95,2810,J.P. Laurel (Pon-od)
95,2811,Quezon
95,2812,R. Gerona
95,2813,Recto
95,2814,M. Roxas
95,2815,Sagrada
95,2816,San Francisco
95,2817,San Isidro
95,2818,San Juan Bag-o
95,2819,San Juan Daan
95,2820,San Rafael
95,2821,San Ramon
95,2822,San Vicente
95,2823,Santa Remedios
95,2824,Santa Teresita
95,2825,Sigad
95,2826,Somagongsong
95,2827,G. Del Pilar (Tanga)
95,2828,Taromata
95,2829,Zone VII Pob. (Bgy. 7- Iraya)
95,2830,Zone VIII Pob. (Bgy. 8- Loyo)
96,2831,Bagacay
96,2832,Central (Pob.)
96,2833,Cogon
96,2834,Dancalan
96,2835,Dapdap (Pob.)
96,2836,Lalud
96,2837,Looban (Pob.)
96,2838,Mabuhay (Pob.)
96,2839,Madlawon (Pob.)
96,2840,Poctol (Pob.)
96,2841,Porog
96,2842,Sabang (Pob.)
96,2843,Salvacion
96,2844,San Antonio
96,2845,San Bernardo
96,2846,San Francisco
96,2847,San Isidro
96,2848,San Jose
96,2849,San Rafael
96,2850,San Roque
96,2851,San Vicente (Buhang)
96,2852,Santa Barbara
96,2853,Sapngan (Pob.)
96,2854,Tinampo
97,2855,Adovis (Pob.)
97,2856,Boton
97,2857,Burgos
97,2858,Casay
97,2859,Cawit
97,2860,Central (Pob.)
97,2861,Colambis
97,2862,Escuala
97,2863,Cogon
97,2864,Inlagadian
97,2865,Lungib
97,2866,Mabini
97,2867,Ponong
97,2868,Rizal
97,2869,San Antonio (Boho)
97,2870,San Isidro
97,2871,San Juan
97,2872,San Pascual
97,2873,Santa Cruz
97,2874,Somal-ot (Pob.)
97,2875,Tigbao
97,2876,Timbayog (Pob.)
97,2877,Tiris
97,2878,Trece Martirez
97,2879,Tulay
98,2880,Amomonting
98,2881,Bagalayag
98,2882,Bagong Sirang
98,2883,Bonga
98,2884,Buenavista
98,2885,Burabod
98,2886,Caburacan
98,2887,Canjela
98,2888,Cogon
98,2889,Cumadcad
98,2890,Dangcalan
98,2891,Dinapa
98,2892,La Union
98,2893,Libtong
98,2894,Loreto
98,2895,Macalaya
98,2896,Maracabac
98,2897,Mayon
98,2898,Milagrosa
98,2899,Miluya
98,2900,Maypangi
98,2901,Monte Carmelo
98,2902,Oras
98,2903,Pandan
98,2904,Poblacion
98,2905,Quirapi
98,2906,Saclayan
98,2907,Salvacion
98,2908,San Isidro
98,2909,San Rafael
98,2910,San Roque
98,2911,San Vicente
98,2912,Sogoy
98,2913,Tomalaytay
99,2914,Alin
99,2915,Awai
99,2916,Banban
99,2917,Bandi
99,2918,Banuang Gurang
99,2919,Baras
99,2920,Bayawas
99,2921,Bororan Barangay 1 (Pob.)
99,2922,Cabugao
99,2923,Central Barangay 2 (Pob.)
99,2924,Cristo
99,2925,Dancalan
99,2926,De Vera
99,2927,Gimagaan
99,2928,Girawan
99,2929,Gogon
99,2930,Gura
99,2931,Juan Adre
99,2932,Lourdes
99,2933,Mabini
99,2934,Malapoc
99,2935,Malinao
99,2936,Market Site Barangay 3 (Pob.)
99,2937,New Maguisa
99,2938,Ogod (Crossing)
99,2939,Old Maguisa
99,2940,Orange
99,2941,Pangpang
99,2942,Parina
99,2943,Pawala
99,2944,Pinamanaan
99,2945,Poso Pob. (Barangay 5)
99,2946,Punta Waling-Waling Pob. (Barangay 4)
99,2947,Rawis
99,2948,San Antonio
99,2949,San Isidro
99,2950,San Jose
99,2951,San Rafael
99,2952,San Ramon
99,2953,San Vicente
99,2954,Santa Cruz
99,2955,Sevilla
99,2956,Sibago
99,2957,Suguian
99,2958,Tagbac
99,2959,Tinanogan
99,2960,Tongdol
99,2961,Tres Marias
99,2962,Tuba
99,2963,Tupas
99,2964,Vinisitahan
100,2965,Ariman
100,2966,Bagacay
100,2967,Balud Del Norte (Pob.)
100,2968,Balud Del Sur (Pob.)
100,2969,Benguet
100,2970,Bentuco
100,2971,Beriran
100,2972,Buenavista
100,2973,Bulacao
100,2974,Cabigaan
100,2975,Cabiguhan
100,2976,Carriedo
100,2977,Casili
100,2978,Cogon
100,2979,Cota Na Daco (Pob.)
100,2980,Dita
100,2981,Jupi
100,2982,Lapinig
100,2983,Luna-Candol (Pob.)
100,2984,Manapao
100,2985,Manook (Pob.)
100,2986,Naagtan
100,2987,Nato
100,2988,Nazareno
100,2989,Ogao
100,2990,Paco
100,2991,Panganiban (Pob.)
100,2992,Paradijon (Pob.)
100,2993,Patag
100,2994,Payawin
100,2995,Pinontingan (Pob.)
100,2996,Rizal
100,2997,San Ignacio
100,2998,Sangat
100,2999,Santa Ana
100,3000,Tabi
100,3001,Tagaytay
100,3002,Tigkiw
100,3003,Tiris
100,3004,Togawe
100,3005,Union
100,3006,Villareal
101,3007,Bagsangan
101,3008,Bacolod (Pob.)
101,3009,Batang
101,3010,Bolos
101,3011,Buenavista
101,3012,Bulawan
101,3013,Carriedo
101,3014,Casini
101,3015,Cawayan
101,3016,Cogon
101,3017,Gabao
101,3018,Gulang-Gulang
101,3019,Gumapia
101,3020,Santo Domingo (Lamboon)
101,3021,Liang
101,3022,Macawayan
101,3023,Mapaso
101,3024,Monbon
101,3025,Patag
101,3026,Salvacion
101,3027,San Agustin (Pob.)
101,3028,San Isidro
101,3029,San Juan (Pob.)
101,3030,San Julian (Pob.)
101,3031,San Pedro
101,3032,Tabon-Tabon
101,3033,Tinampo
101,3034,Tongdol
102,3035,Anog
102,3036,Aroroy
102,3037,Bacolod
102,3038,Binanuahan
102,3039,Biriran
102,3040,Buraburan
102,3041,Calateo
102,3042,Calmayon
102,3043,Carohayon
102,3044,Catanagan
102,3045,Catanusan
102,3046,Cogon
102,3047,Embarcadero
102,3048,Guruyan
102,3049,Lajong
102,3050,Maalo
102,3051,North Poblacion
102,3052,South Poblacion
102,3053,Puting Sapa
102,3054,Rangas
102,3055,Sablayan
102,3056,Sipaya
102,3057,Taboc
102,3058,Tinago
102,3059,Tughan
103,3060,Aguada Norte
103,3061,Aguada Sur
103,3062,Anibong
103,3063,Bacalon
103,3064,Bacolod
103,3065,Banacud
103,3066,Biga
103,3067,Behia
103,3068,Binisitahan del Norte
103,3069,Binisitahan del Sur
103,3070,Biton
103,3071,Bulala
103,3072,Busay
103,3073,Caditaan
103,3074,Cagbolo
103,3075,Cagtalaba
103,3076,Cawit Extension
103,3077,Cawit Proper
103,3078,Ginangra
103,3079,Hubo
103,3080,Incarizan
103,3081,Lapinig
103,3082,Magsaysay
103,3083,Malbog
103,3084,Pantalan
103,3085,Pawik
103,3086,Pili
103,3087,Poblacion
103,3088,Salvacion
103,3089,Santa Elena
103,3090,Siuton
103,3091,Tagas
103,3092,Tulatula Norte
103,3093,Tulatula Sur
104,3094,Balocawe
104,3095,Banogao
104,3096,Banuangdaan
104,3097,Bariis
104,3098,Bolo
104,3099,Bon-Ot Big
104,3100,Bon-Ot Small
104,3101,Cabagahan
104,3102,Calayuan
104,3103,Calintaan
104,3104,Caloocan (Pob.)
104,3105,Calpi
104,3106,Camachiles (Pob.)
104,3107,Camcaman (Pob.)
104,3108,Coron-coron
104,3109,Culasi
104,3110,Gadgaron
104,3111,Genablan Occidental
104,3112,Genablan Oriental
104,3113,Hidhid
104,3114,Laboy
104,3115,Lajong
104,3116,Mambajog
104,3117,Manjunlad
104,3118,Manurabi
104,3119,Naburacan
104,3120,Paghuliran
104,3121,Pangi
104,3122,Pawa
104,3123,Poropandan
104,3124,Santa Isabel
104,3125,Sinalmacan
104,3126,Sinang-Atan
104,3127,Sinibaran
104,3128,Sisigon
104,3129,Sua
104,3130,Sulangan
104,3131,Tablac (Pob.)
104,3132,Tabunan (Pob.)
104,3133,Tugas
105,3134,Abas
105,3135,Abucay
105,3136,Bantayan
105,3137,Banuyo (Pob.)
105,3138,Bayasong
105,3139,Bayawas
105,3140,Binanuahan (Pob.)
105,3141,Cabiguan
105,3142,Cagdongon
105,3143,Calongay
105,3144,Calpi
105,3145,Catamlangan
105,3146,Comapo-capo
105,3147,Danlog
105,3148,Dao (Pob.)
105,3149,Dapdap
105,3150,Del Rosario (Bual)
105,3151,Esmerada
105,3152,Esperanza
105,3153,Guiron
105,3154,Ginablan
105,3155,Inang
105,3156,Inapugan
105,3157,Lubiano
105,3158,Leona
105,3159,Lipason
105,3160,Lourdes
105,3161,Lungib
105,3162,Lumbang
105,3163,Mabanate
105,3164,Malbog
105,3165,Marifosque (Pob.)
105,3166,Mercedes
105,3167,Migabod
105,3168,Naspi
105,3169,Palanas
105,3170,Pangpang
105,3171,Pinagsalog
105,3172,Pineda
105,3173,Poctol
105,3174,Pudo
105,3175,Putiao
105,3176,Sacnangan
105,3177,Salvacion
105,3178,San Antonio (Millabas)
105,3179,San Antonio (Sapa)
105,3180,San Jose
105,3181,San Rafael
105,3182,Santa Fe
106,3183,Brillante (Pob.)
106,3184,Bulawan
106,3185,Calao
106,3186,Carayat
106,3187,Diamante
106,3188,Gogon
106,3189,Lupi
106,3190,Manlabong
106,3191,Maningcay De Oro
106,3192,Perlas
106,3193,Quidolog
106,3194,Rizal
106,3195,San Antonio
106,3196,San Fernando
106,3197,San Isidro
106,3198,San Juan
106,3199,San Rafael
106,3200,San Ramon
106,3201,Santa Lourdes
106,3202,Santo Domingo
106,3203,Talisayan
106,3204,Tupaz
106,3205,Ulag
107,3206,La Esperanza
107,3207,Penafrancia
107,3208,Barangay Poblacion I
107,3209,Barangay Poblacion II
107,3210,Barangay Poblacion III
107,3211,Barangay Poblacion IV
107,3212,Salvacion
107,3213,San Antonio
107,3214,San Bartolome (Talaongan)
107,3215,San Eugenio
107,3216,San Isidro
107,3217,San Rafael
107,3218,San Roque
107,3219,San Sebastian
108,3220,Abuyog
108,3221,Almendras-Cogon (Pob.)
108,3222,Balogo (Sorsogon East District) 
108,3223,Barayong
108,3224,Basud
108,3225,Bibincahan
108,3226,Bitan-o/Dalipay (Pob.)
108,3227,Bucalbucalan
108,3228,Buenavista (Sorsogon West District)
108,3229,Buhatan
108,3230,Bulabog
108,3231,Burabod (Pob.)
108,3232,Cabid-An
108,3233,Cambulaga
108,3234,Capuy
108,3235,Gimaloto
108,3236,Guinlajon
108,3237,Macabog
108,3238,Marinas
108,3239,Pamurayan
108,3240,Pangpang
108,3241,Panlayaan
108,3242,PeÃ±afrancia
108,3243,Piot (Pob.)
108,3244,Polvorista (Pob.)
108,3245,Rizal
108,3246,Salog (Pob.)
108,3247,Salvacion (Sorsogon West District)
108,3248,Sampaloc (Pob.)
108,3249,San Isidro (Sorsogon West District)
108,3250,San Juan (Roro)
108,3251,Sirangan (Pob.)
108,3252,Sulucan (Pob.)
108,3253,Talisay (Pob.)
108,3254,Ticol
108,3255,Tugos
108,3256,Balete
108,3257,Balogo (Bacon District) 
108,3258,Bato
108,3259,Bon-Ot
108,3260,BogÃ±a
108,3261,Buenavista (Bacon District)
108,3262,Cabarbuhan
108,3263,Caricaran
108,3264,Del Rosario
108,3265,Gatbo
108,3266,Jamislagan
108,3267,Maricrum
108,3268,Osiao
108,3269,Poblacion
108,3270,Rawis
108,3271,Salvacion (Bacon District)
108,3272,San Isidro (Bacon District)
108,3273,San Juan
108,3274,San Pascual
108,3275,San Ramon
108,3276,San Roque
108,3277,San Vicente
108,3278,Santa Cruz
108,3279,Santa Lucia
108,3280,Santo Domingo
108,3281,Santo Nino
108,3282,Sawanga
108,3283,Sugod
